clip,clip_lo,clip_hi,sigma_v,sigma_J,theta,lambda,j_stat,j_pvalue,n_real
"[0.02,0.98]",0.020000,0.980000,0.241457,1.552252,0.006711,0.013852,21998619.987111,0.000000,19348
"[0.01,0.99]",0.010000,0.990000,0.294880,1.770381,0.009551,0.012921,41635208.266097,0.000000,19348
