freq,n_contracts,n_real,sigma_v,sigma_J,j_stat,j_pvalue
D,96,19444,0.245012,1.850323,37208450.251767,0.000000
2D,96,9717,0.352129,1.852670,5868471.089597,0.000000
4D,96,4853,0.375376,2.215991,2722435.679567,0.000000
