bucket,n_contracts,avg_increments,sigma_v,sigma_J,j_stat,j_pvalue
Q1,33,76.545455,0.493335,2.260420,832251.498343,0.000000
Q2,32,221.375000,0.217443,1.310218,2574077.762710,0.000000
Q3,31,317.225806,0.078717,1.554097,26843200.734067,0.000000
