kappa,kappa_free,se_kappa,model,sigma_v,se_sigma_v,sigma_J,se_sigma_J,theta,lambda,j_stat,j_dof,j_pvalue,n_real,n_sim,objective
5.000000,False,,ConstantVol,0.000000,,0.000000,,0.029414,0.017870,1221270.206366,5,0.000000,4141,82820,309.667645
0.420172,True,0.000609,Heston,0.268187,0.000528,0.000000,,0.029414,0.017870,599469.288064,3,0.000000,4141,82820,152.002597
0.000984,True,0.000003,Bates,0.050080,0.000130,1.265354,0.001408,0.029414,0.017870,185437.034601,2,0.000000,4141,82820,47.019775
5.000000,False,,Merton,0.000000,,1.642969,0.001202,0.029414,0.017870,526450.315139,4,0.000000,4141,82820,133.487764
