{
  "ticker": "0x1092f6af37037a3539947b2052eeffff3608e2b68926340cab146369d3d2aac9",
  "platform": "polymarket",
  "sigma_bs": 3.3093006365681323,
  "mse": 809.8761091773723,
  "log_likelihood": -1148.9383812647318,
  "n_obs": 241,
  "converged": true
}