{
  "ticker": "0x136e99098f7d4087b4c5775d9f9a512de67e50bda37e88fa86b05a226c390182",
  "platform": "polymarket",
  "sigma_bs": 9.999994784879071,
  "mse": 6199.299322768001,
  "log_likelihood": -902.4674532892315,
  "n_obs": 156,
  "converged": true
}