{
  "ticker": "0x19120414e0b7b170bb81ab518317f6926c2bb633167e4b11981ef7c078cea739",
  "platform": "polymarket",
  "sigma_bs": 6.9027382946966505,
  "mse": 4686.569541338916,
  "log_likelihood": -880.6459910926866,
  "n_obs": 156,
  "converged": true
}