{
  "ticker": "0x1e14c1e407a8aa7a727fadf74049b255a93f1c22f137d6a244ea64604b5b36d5",
  "platform": "polymarket",
  "sigma_bs": 7.55295911586807,
  "mse": 8731.787318372908,
  "log_likelihood": -690.9309407779439,
  "n_obs": 116,
  "converged": true
}