{
  "ticker": "0x2010ff3939e8e664dd57369aa907bbaa6d03ae18be27fe3ab2f4cdcb95a8b2ab",
  "platform": "polymarket",
  "sigma_bs": 5.130882242372387,
  "mse": 862.112605490915,
  "log_likelihood": -815.7673517157192,
  "n_obs": 170,
  "converged": true
}