{
  "ticker": "0x260fd9d6b10746909a26c2af7a68b409f757c95a07dc57ddd480774a36c8399b",
  "platform": "polymarket",
  "sigma_bs": 5.059013458370814,
  "mse": 1872.8147015555946,
  "log_likelihood": -1395.1785649841083,
  "n_obs": 269,
  "converged": true
}