{
  "ticker": "0x29f8437fee9a3c972bcdc483874dc6f5192142a2158e999ace849dedb342d671",
  "platform": "polymarket",
  "sigma_bs": 6.9879007513551565,
  "mse": 7369.804494980282,
  "log_likelihood": -775.0395525906765,
  "n_obs": 132,
  "converged": true
}