{
  "ticker": "0x2d606a51f902a4d934a4b810dd77cb28bb8e40268f42354057b5a47f9799efad",
  "platform": "polymarket",
  "sigma_bs": 7.883622754144692,
  "mse": 3534.6746599057446,
  "log_likelihood": -1095.3212338499059,
  "n_obs": 199,
  "converged": true
}