{
  "ticker": "0x4057c2528a3815d460f0c5889f52a914745b23400c4548804afee8f9c4a56ec3",
  "platform": "polymarket",
  "sigma_bs": 0.764268039189724,
  "mse": 0.09501164533085085,
  "log_likelihood": -46.95976163267916,
  "n_obs": 194,
  "converged": true
}