{
  "ticker": "0x5e9dcbf5748f0d4df34dc4795add11e59d529dbd08bd597966e8cb83a266565a",
  "platform": "polymarket",
  "sigma_bs": 2.1925920152355807,
  "mse": 32.86528473884999,
  "log_likelihood": -129.77102683560133,
  "n_obs": 41,
  "converged": true
}