{
  "ticker": "0x7da35195ac3c7bf167f88ab0c27067a99020e36de67d39968b71d9debcdd925e",
  "platform": "polymarket",
  "sigma_bs": 8.945642216817248,
  "mse": 7323.5222103232,
  "log_likelihood": -1590.3260659448297,
  "n_obs": 271,
  "converged": true
}