{
  "ticker": "0x86797195cdde3c3a30e2b1b9503bc727fe787845228e9876ed9bc380aa021148",
  "platform": "polymarket",
  "sigma_bs": 9.999994784879071,
  "mse": 18718.950278245324,
  "log_likelihood": -154.30795997130997,
  "n_obs": 23,
  "converged": true
}