{
  "ticker": "0x95153ddd005326dc5dcadbeccc51ffad40e0fa9dac5bd18b242b42eed61d3a6c",
  "platform": "polymarket",
  "sigma_bs": 2.8082161506118193,
  "mse": 25.040843759096877,
  "log_likelihood": -160.54721067586178,
  "n_obs": 53,
  "converged": true
}