{
  "ticker": "0x972520d8ed44dcd71fff95b44e2593750d0e44323a5ccd2ce4bbbc540427bce9",
  "platform": "polymarket",
  "sigma_bs": 9.999994784879071,
  "mse": 8496.571772279205,
  "log_likelihood": -1236.0707483834615,
  "n_obs": 208,
  "converged": true
}