{
  "ticker": "0x9d1f0296f3a016727193d2b45704e0debc3b8048fe0715f8bb1e91550d321872",
  "platform": "polymarket",
  "sigma_bs": 3.9849478492405956,
  "mse": 88.39925078552982,
  "log_likelihood": -995.4847162606694,
  "n_obs": 272,
  "converged": true
}