{
  "ticker": "0xa0811c97f529d627b7774a5b188e605736b745a1f892c39e16c5a022fdb84b8b",
  "platform": "polymarket",
  "sigma_bs": 1.834422812645755,
  "mse": 9.82006344406448,
  "log_likelihood": -494.3023986722995,
  "n_obs": 193,
  "converged": true
}