{
  "ticker": "0xa1d06c273030c75b85ecfee08b2ff1f0e510c07f12152f81c707eb83deaab8ba",
  "platform": "polymarket",
  "sigma_bs": 2.5907035551052915,
  "mse": 35.03259001047423,
  "log_likelihood": -147.06558426963684,
  "n_obs": 46,
  "converged": true
}