{
  "ticker": "0xa81f535a21c9fc890b335131ad726476605c563ad6b9a096568a0556db26987a",
  "platform": "polymarket",
  "sigma_bs": 9.100718384396025,
  "mse": 11737.562652518624,
  "log_likelihood": -482.23284784491557,
  "n_obs": 79,
  "converged": true
}