{
  "ticker": "0xafde9e890a2db339b6515cd75c2d09574dcaf731b483a1ef6ea0a3abc5ec8abd",
  "platform": "polymarket",
  "sigma_bs": 4.69400301527263,
  "mse": 2056.8549247941573,
  "log_likelihood": -900.1456966366761,
  "n_obs": 172,
  "converged": true
}