{
  "ticker": "0xb26fd99a7b7bae4e13c9bb3becf65353708a805f9c1aea74484d107e6ba512cd",
  "platform": "polymarket",
  "sigma_bs": 7.875517562454614,
  "mse": 11566.166701985405,
  "log_likelihood": -1572.9894308387395,
  "n_obs": 258,
  "converged": true
}