{
  "ticker": "0xb26fd99a7b7bae4e13c9bb3becf65353708a805f9c1aea74484d107e6ba512cd",
  "platform": "polymarket",
  "sigma_bs": 0.4693570773958769,
  "mse": 0.01357691849930318,
  "log_likelihood": 124.22809761994132,
  "n_obs": 170,
  "converged": true
}