{
  "ticker": "0xbb01eefb24a38a9aa1921ec168d3049e7374b28a2540937d06b3ff2524d66627",
  "platform": "polymarket",
  "sigma_bs": 3.3889269842337986,
  "mse": 450.61951385457513,
  "log_likelihood": -1069.3457977819835,
  "n_obs": 239,
  "converged": true
}