{
  "ticker": "0xcd1b6b71a1964f15e2c14809594cbfa0d576270e8ef94c8c24913121097e09e5",
  "platform": "polymarket",
  "sigma_bs": 0.5277674475727008,
  "mse": 0.013618668255293129,
  "log_likelihood": 4.375310085734714,
  "n_obs": 6,
  "converged": true
}