{
  "ticker": "0xd1cce1f51effdf3957144fdc87b5e8aace1d1f7ab21976a046b71744ecad8443",
  "platform": "polymarket",
  "sigma_bs": 9.999994784879071,
  "mse": 7058.898647863845,
  "log_likelihood": -1527.010809902126,
  "n_obs": 261,
  "converged": true
}