{
  "ticker": "0xd6f4c41fd20b8c6d5b48d528ead981d8fdf3da99d05018443e2d5bc60085e3dd",
  "platform": "polymarket",
  "sigma_bs": 8.136544576857293,
  "mse": 3029.3341198176786,
  "log_likelihood": -1041.9816171192047,
  "n_obs": 192,
  "converged": true
}