{
  "ticker": "0xdcb247a07c561e4d960cd5bd9346bfcd205a9ae6557263b390e93f9e90ca56ee",
  "platform": "polymarket",
  "sigma_bs": 4.712859624248045,
  "mse": 712.8594065349761,
  "log_likelihood": -183.43964499109316,
  "n_obs": 39,
  "converged": true
}