{
  "ticker": "0xdd22472e552920b8438158ea7238bfadfa4f736aa4cee91a6b86c39ead110917",
  "platform": "polymarket",
  "sigma_bs": 2.855775158901737,
  "mse": 690.8663124358455,
  "log_likelihood": -1429.8130687679782,
  "n_obs": 305,
  "converged": true
}