{
  "ticker": "0xf6106065ec5d5dae7eca350be64e5246ae331b35937ea55b64152f65fbc0b37f",
  "platform": "polymarket",
  "sigma_bs": 9.999994784879071,
  "mse": 6713.950274182168,
  "log_likelihood": -1520.878702317612,
  "n_obs": 261,
  "converged": true
}