{
  "ticker": "0x02bc0bbff054877a08cdc4f9ccf4e7606804bc05c27f5faccf26c6e1666a5558",
  "platform": "polymarket",
  "kappa": 5.963489362471116,
  "theta": 10.0,
  "xi": 4.245212959035789,
  "rho": -0.5,
  "v0": 1e-06,
  "feller_satisfied": true,
  "converged": true,
  "mse": 924.4489313276566,
  "log_likelihood": -1164.9541552687624,
  "n_obs": 241
}