{
  "ticker": "0x0c12d7b5322f432a0c4ac8806b476c7483c4d44061ca1188b6f749ec9db34996",
  "platform": "polymarket",
  "kappa": 50.0,
  "theta": 10.0,
  "xi": 0.01,
  "rho": -0.5,
  "v0": 5.0,
  "feller_satisfied": true,
  "converged": true,
  "mse": 15870.688347530026,
  "log_likelihood": -1677.4196801443604,
  "n_obs": 258
}