{
  "ticker": "0x1092f6af37037a3539947b2052eeffff3608e2b68926340cab146369d3d2aac9",
  "platform": "polymarket",
  "kappa": 5.223126798593431,
  "theta": 10.0,
  "xi": 0.01,
  "rho": -0.5,
  "v0": 1e-06,
  "feller_satisfied": true,
  "converged": true,
  "mse": 790.2611403570838,
  "log_likelihood": -1146.003796319114,
  "n_obs": 241
}