{
  "ticker": "0x136e99098f7d4087b4c5775d9f9a512de67e50bda37e88fa86b05a226c390182",
  "platform": "polymarket",
  "kappa": 50.0,
  "theta": 10.0,
  "xi": 0.01,
  "rho": -0.5,
  "v0": 5.0,
  "feller_satisfied": true,
  "converged": true,
  "mse": 15522.407521731822,
  "log_likelihood": -1021.2845799318447,
  "n_obs": 156
}