{
  "ticker": "0x19120414e0b7b170bb81ab518317f6926c2bb633167e4b11981ef7c078cea739",
  "platform": "polymarket",
  "kappa": 17.261380646401154,
  "theta": 10.0,
  "xi": 0.01,
  "rho": -0.5,
  "v0": 1e-06,
  "feller_satisfied": true,
  "converged": true,
  "mse": 6089.987967225417,
  "log_likelihood": -904.6315505274365,
  "n_obs": 156
}