{
  "ticker": "0x198d833c085ed0c858165192e9fd446c5392dbcdedd1132d89c578c0b5c29b2f",
  "platform": "polymarket",
  "kappa": 50.0,
  "theta": 10.0,
  "xi": 0.01,
  "rho": -0.5,
  "v0": 5.0,
  "feller_satisfied": true,
  "converged": true,
  "mse": 11685.854648464428,
  "log_likelihood": -1668.7753373643454,
  "n_obs": 268
}