{
  "ticker": "0x1e3afb4a670b4c28b8a2742ef61830023bb39809260af94908392cc7c9fdb7ca",
  "platform": "polymarket",
  "kappa": 50.0,
  "theta": 10.0,
  "xi": 0.01,
  "rho": -0.5,
  "v0": 5.0,
  "feller_satisfied": true,
  "converged": true,
  "mse": 49538.651932058274,
  "log_likelihood": -181.61379818180097,
  "n_obs": 20
}