{
  "ticker": "0x2010ff3939e8e664dd57369aa907bbaa6d03ae18be27fe3ab2f4cdcb95a8b2ab",
  "platform": "polymarket",
  "kappa": 18.32061712984203,
  "theta": 10.0,
  "xi": 0.01,
  "rho": -0.5,
  "v0": 5.0,
  "feller_satisfied": true,
  "converged": true,
  "mse": 1127.6447993552474,
  "log_likelihood": -842.609716874445,
  "n_obs": 170
}