{
  "ticker": "0x215625b9e962f3f499f832c77dd4caa400bd8435369b5fd65e8673c8b2c4da66",
  "platform": "polymarket",
  "kappa": 50.0,
  "theta": 10.0,
  "xi": 0.01,
  "rho": -0.5,
  "v0": 5.0,
  "feller_satisfied": true,
  "converged": true,
  "mse": 9859.304607681695,
  "log_likelihood": -1637.1244648077977,
  "n_obs": 269
}