{
  "ticker": "0x230144e34a84dfd0ebdc6de7fde37780e28154f6f84dd8880c7f0e58d302d448",
  "platform": "polymarket",
  "kappa": 50.0,
  "theta": 10.0,
  "xi": 0.01,
  "rho": -0.5,
  "v0": 5.0,
  "feller_satisfied": true,
  "converged": true,
  "mse": 10176.203995080796,
  "log_likelihood": -1645.8543222249664,
  "n_obs": 270
}