{
  "ticker": "0x265366ede72d73e137b2b9095a6cdc9be6149290caa295738a95e3d881ad0865",
  "platform": "polymarket",
  "kappa": 50.0,
  "theta": 10.0,
  "xi": 0.01,
  "rho": -0.5,
  "v0": 5.0,
  "feller_satisfied": true,
  "converged": true,
  "mse": 672.2698940470068,
  "log_likelihood": -1427.2534858139031,
  "n_obs": 300
}