{
  "ticker": "0x29f8437fee9a3c972bcdc483874dc6f5192142a2158e999ace849dedb342d671",
  "platform": "polymarket",
  "kappa": 8.34149912620635,
  "theta": 0.8475635879922271,
  "xi": 0.05,
  "rho": -0.5,
  "v0": 0.4077953207806467,
  "feller_satisfied": true,
  "converged": true,
  "mse": 0.002562516284535478,
  "log_likelihood": 107.9466537049785,
  "n_obs": 69
}