{
  "ticker": "0x3ac961dca3c4f0fc34bf94c661962012ab5e8bcdcadfc99affa06eddde00b29f",
  "platform": "polymarket",
  "kappa": 3.3022837982089013,
  "theta": 10.0,
  "xi": 0.9624665591201573,
  "rho": -0.5,
  "v0": 1.4619265594452249,
  "feller_satisfied": true,
  "converged": true,
  "mse": 8.731249597587414,
  "log_likelihood": -760.7320860532993,
  "n_obs": 304
}