{
  "ticker": "0x534da3946b8da84a8687e346e735fcc1d7c7078c057b1a7769cb9991b3e67968",
  "platform": "polymarket",
  "kappa": 50.0,
  "theta": 10.0,
  "xi": 0.01,
  "rho": -0.5,
  "v0": 5.0,
  "feller_satisfied": true,
  "converged": true,
  "mse": 14636.629909239631,
  "log_likelihood": -1626.0581524544305,
  "n_obs": 258
}