{
  "ticker": "0x547171b466f04230c9a6bfd13a71fb24de3442e10ce5cea95232d970f36fd5bf",
  "platform": "polymarket",
  "kappa": 50.0,
  "theta": 10.0,
  "xi": 0.01,
  "rho": -0.5,
  "v0": 5.0,
  "feller_satisfied": true,
  "converged": true,
  "mse": 13651.642966327845,
  "log_likelihood": -1682.871609156187,
  "n_obs": 266
}