{
  "ticker": "0x5e9dcbf5748f0d4df34dc4795add11e59d529dbd08bd597966e8cb83a266565a",
  "platform": "polymarket",
  "kappa": 10.499816326833065,
  "theta": 10.0,
  "xi": 2.8715735338919703,
  "rho": -0.5,
  "v0": 5.0,
  "feller_satisfied": true,
  "converged": true,
  "mse": 29.357550395707502,
  "log_likelihood": -130.56602644403685,
  "n_obs": 42
}