{
  "ticker": "0x642926331d650ed2e4e1da2593f388cd803b4f283e09218fc1c5de90087b585c",
  "platform": "polymarket",
  "kappa": 5.819896199979001,
  "theta": 0.5412141602467752,
  "xi": 0.05,
  "rho": -0.5,
  "v0": 0.17484995567136058,
  "feller_satisfied": true,
  "converged": true,
  "mse": 0.004451038342735645,
  "log_likelihood": 240.92526556360622,
  "n_obs": 187
}