{
  "ticker": "0x67a072e839762191a7931e405923110d52343ef6dc1d61cfc0720233951c03e4",
  "platform": "polymarket",
  "kappa": 12.826016706717787,
  "theta": 10.0,
  "xi": 0.01,
  "rho": -0.5,
  "v0": 1e-06,
  "feller_satisfied": true,
  "converged": true,
  "mse": 42.01811341301769,
  "log_likelihood": -134.80754630367608,
  "n_obs": 41
}