{
  "ticker": "0x696baf880832d000a37ea87cc94235b1ac58e7e9fe7a144ccf5d141877629134",
  "platform": "polymarket",
  "kappa": 50.0,
  "theta": 10.0,
  "xi": 0.01,
  "rho": -0.5,
  "v0": 5.0,
  "feller_satisfied": true,
  "converged": true,
  "mse": 18288.52604396297,
  "log_likelihood": -1745.9719294553047,
  "n_obs": 262
}