{
  "ticker": "0x73ac4c1e5be0a89685328c9f5b833d828ffd62dfa07ceaf8536edbc43aa5f51e",
  "platform": "polymarket",
  "kappa": 50.0,
  "theta": 10.0,
  "xi": 2.164227294649397,
  "rho": -0.5,
  "v0": 5.0,
  "feller_satisfied": true,
  "converged": true,
  "mse": 19247.355496998855,
  "log_likelihood": -1782.8190754892319,
  "n_obs": 261
}