{
  "ticker": "0x78e20dcb15d578061a6df0c5014d66cc21244bad6848336f3513493c65cf09c1",
  "platform": "polymarket",
  "kappa": 50.0,
  "theta": 10.0,
  "xi": 0.01,
  "rho": -0.5,
  "v0": 5.0,
  "feller_satisfied": true,
  "converged": true,
  "mse": 5049.93703620149,
  "log_likelihood": -1079.0182091015365,
  "n_obs": 189
}