{
  "ticker": "0x7da35195ac3c7bf167f88ab0c27067a99020e36de67d39968b71d9debcdd925e",
  "platform": "polymarket",
  "kappa": 50.0,
  "theta": 10.0,
  "xi": 0.01,
  "rho": -0.5,
  "v0": 5.0,
  "feller_satisfied": true,
  "converged": true,
  "mse": 12229.932996134536,
  "log_likelihood": -1681.302652792545,
  "n_obs": 271
}