{
  "ticker": "0x96f6fb6567b5938fc3c2e75f9829d7287340b9581a9c4817b8bc0aff82e1c45f",
  "platform": "polymarket",
  "kappa": 11.844643870286948,
  "theta": 10.0,
  "xi": 0.01,
  "rho": -0.5,
  "v0": 1.8507711896758219,
  "feller_satisfied": true,
  "converged": true,
  "mse": 888.8694250879421,
  "log_likelihood": -925.1857084223616,
  "n_obs": 192
}