{
  "ticker": "0x9876cd5626a39e33e073159b813199f48ee860c8279f67244ee085dc7a9f0b41",
  "platform": "polymarket",
  "kappa": 50.0,
  "theta": 10.0,
  "xi": 0.01,
  "rho": -0.5,
  "v0": 5.0,
  "feller_satisfied": true,
  "converged": true,
  "mse": 101.23070623657331,
  "log_likelihood": -138.48799997385493,
  "n_obs": 37
}