{
  "ticker": "0x9d1f0296f3a016727193d2b45704e0debc3b8048fe0715f8bb1e91550d321872",
  "platform": "polymarket",
  "kappa": 15.555105248858284,
  "theta": 2.0,
  "xi": 0.14267115555561863,
  "rho": -0.5,
  "v0": 0.34937466441002896,
  "feller_satisfied": true,
  "converged": true,
  "mse": 0.3332643791681185,
  "log_likelihood": -65.30804835623596,
  "n_obs": 75
}