{
  "ticker": "0xa0811c97f529d627b7774a5b188e605736b745a1f892c39e16c5a022fdb84b8b",
  "platform": "polymarket",
  "kappa": 13.284003832401032,
  "theta": 3.9847430854466936,
  "xi": 1.3581473117363578,
  "rho": -0.5,
  "v0": 1e-06,
  "feller_satisfied": true,
  "converged": true,
  "mse": 8.63439887995788,
  "log_likelihood": -481.885411940845,
  "n_obs": 193
}