{
  "ticker": "0xa1d06c273030c75b85ecfee08b2ff1f0e510c07f12152f81c707eb83deaab8ba",
  "platform": "polymarket",
  "kappa": 50.0,
  "theta": 6.910128519620592,
  "xi": 3.3879118892451356,
  "rho": -0.5,
  "v0": 5.0,
  "feller_satisfied": true,
  "converged": true,
  "mse": 35.16058476173678,
  "log_likelihood": -147.14946483671244,
  "n_obs": 46
}