{
  "ticker": "0xa1d06c273030c75b85ecfee08b2ff1f0e510c07f12152f81c707eb83deaab8ba",
  "platform": "polymarket",
  "kappa": 8.0826445583664,
  "theta": 2.0,
  "xi": 2.394875304433106,
  "rho": -0.5,
  "v0": 2.0,
  "feller_satisfied": true,
  "converged": true,
  "mse": 27.287811668729265,
  "log_likelihood": -141.3977932195534,
  "n_obs": 46
}