{
  "ticker": "0xa923afcb8297e3ade170f2f8c088f3c277557fadef2c67054d72cc59f8504b2b",
  "platform": "polymarket",
  "kappa": 4.851276332672306,
  "theta": 10.0,
  "xi": 0.01,
  "rho": -0.5,
  "v0": 1e-06,
  "feller_satisfied": true,
  "converged": true,
  "mse": 417.5642533904775,
  "log_likelihood": -1069.1231969121693,
  "n_obs": 241
}