{
  "ticker": "0xab0132a0b89e43d95c2643ac835877c757849e9a64ebac3c9f0c4696db41a288",
  "platform": "polymarket",
  "kappa": 50.0,
  "theta": 10.0,
  "xi": 0.01,
  "rho": -0.5,
  "v0": 5.0,
  "feller_satisfied": true,
  "converged": true,
  "mse": 25188.322784117277,
  "log_likelihood": -975.4379868256117,
  "n_obs": 140
}