{
  "ticker": "0xac7162f96876ea602d984de6f9800b8a4b8a45897e798a7630d9e004ae5b9a0b",
  "platform": "polymarket",
  "kappa": 15.5574355535057,
  "theta": 10.0,
  "xi": 0.01,
  "rho": -0.5,
  "v0": 2.2967722691964707,
  "feller_satisfied": true,
  "converged": true,
  "mse": 3785.6873684678226,
  "log_likelihood": -1177.3252285651195,
  "n_obs": 212
}