{
  "ticker": "0xad6d309aaa500d96855996e84da00dfb2379548a693ca684d0877cf94fec05d1",
  "platform": "polymarket",
  "kappa": 50.0,
  "theta": 10.0,
  "xi": 0.01,
  "rho": -0.5,
  "v0": 5.0,
  "feller_satisfied": true,
  "converged": true,
  "mse": 16797.705522577566,
  "log_likelihood": -1704.065880667942,
  "n_obs": 262
}