{
  "ticker": "0xb26fd99a7b7bae4e13c9bb3becf65353708a805f9c1aea74484d107e6ba512cd",
  "platform": "polymarket",
  "kappa": 9.761403806330279,
  "theta": 10.0,
  "xi": 0.01,
  "rho": -0.5,
  "v0": 1e-06,
  "feller_satisfied": true,
  "converged": true,
  "mse": 14258.319266901104,
  "log_likelihood": -1603.4697141353727,
  "n_obs": 258
}