{
  "ticker": "0xb3b8ce34ae09a3d89aa860f033a2309b28f4712b1879bc5c6f787df3788e5d1d",
  "platform": "polymarket",
  "kappa": 20.0,
  "theta": 2.0,
  "xi": 2.806299492141974,
  "rho": -0.5,
  "v0": 2.0,
  "feller_satisfied": true,
  "converged": true,
  "mse": 36.09548059511662,
  "log_likelihood": -132.0365654260895,
  "n_obs": 41
}