{
  "ticker": "0xbb01eefb24a38a9aa1921ec168d3049e7374b28a2540937d06b3ff2524d66627",
  "platform": "polymarket",
  "kappa": 6.07391711687512,
  "theta": 10.0,
  "xi": 0.01,
  "rho": -0.5,
  "v0": 1e-06,
  "feller_satisfied": true,
  "converged": true,
  "mse": 436.52435332178237,
  "log_likelihood": -1065.628740882287,
  "n_obs": 239
}