{
  "ticker": "0xd28eff5dc23bc2520042f8722add1afc39cdc9ea00650262e75a5d3bafeed06b",
  "platform": "polymarket",
  "kappa": 50.0,
  "theta": 10.0,
  "xi": 0.01,
  "rho": -0.5,
  "v0": 5.0,
  "feller_satisfied": true,
  "converged": true,
  "mse": 19811.673840357165,
  "log_likelihood": -1308.4855557663614,
  "n_obs": 185
}