{
  "ticker": "0xdd22472e552920b8438158ea7238bfadfa4f736aa4cee91a6b86c39ead110917",
  "platform": "polymarket",
  "kappa": 4.027243462240053,
  "theta": 2.0,
  "xi": 1.7944081139232257,
  "rho": -0.5,
  "v0": 1e-06,
  "feller_satisfied": true,
  "converged": true,
  "mse": 18.110935931200306,
  "log_likelihood": -547.6346850436094,
  "n_obs": 191
}