{
  "ticker": "0xdd22472e552920b8438158ea7238bfadfa4f736aa4cee91a6b86c39ead110917",
  "platform": "polymarket",
  "kappa": 3.1763266724153016,
  "theta": 10.0,
  "xi": 0.01,
  "rho": -0.5,
  "v0": 1e-06,
  "feller_satisfied": true,
  "converged": true,
  "mse": 668.3267948323937,
  "log_likelihood": -1424.7560987938864,
  "n_obs": 305
}