{
  "ticker": "0xe1dc4ae259d47a61f59c76462e1f087e94cd027a3c79827f476469f1cf1c1982",
  "platform": "polymarket",
  "kappa": 50.0,
  "theta": 10.0,
  "xi": 0.01,
  "rho": -0.5,
  "v0": 5.0,
  "feller_satisfied": true,
  "converged": true,
  "mse": 17996.45478297645,
  "log_likelihood": -1367.1415880048753,
  "n_obs": 209
}