{
  "ticker": "0xe721d257bb72949a6c61a77847b7880519a6164a8211e815da15eccd750c4626",
  "platform": "polymarket",
  "kappa": 50.0,
  "theta": 10.0,
  "xi": 0.01,
  "rho": -0.5,
  "v0": 5.0,
  "feller_satisfied": true,
  "converged": true,
  "mse": 19709.98679598177,
  "log_likelihood": -1236.3344458654178,
  "n_obs": 177
}