{
  "ticker": "0xea236b37f6ba053c48240dafea9b4b745ce43aebd44d8911df35302d1ac951a3",
  "platform": "polymarket",
  "kappa": 50.0,
  "theta": 10.0,
  "xi": 0.01,
  "rho": -0.5,
  "v0": 5.0,
  "feller_satisfied": true,
  "converged": true,
  "mse": 18246.94325251134,
  "log_likelihood": -1373.715046423436,
  "n_obs": 196
}