{
  "ticker": "0x02bc0bbff054877a08cdc4f9ccf4e7606804bc05c27f5faccf26c6e1666a5558",
  "platform": "polymarket",
  "kappa": 0.01,
  "theta": 2.0,
  "xi": 0.28507836864739733,
  "rho": -0.5,
  "v0": 0.09370919228956887,
  "lambda_j": 1.036377596357588,
  "mu_j": 0.0,
  "sigma_j": 0.965226126676609,
  "feller_satisfied": false,
  "converged": true,
  "mse": 0.08659167314408578,
  "log_likelihood": -21.914224936911552,
  "log_likelihood_heston": -22.170083562337787,
  "lr_statistic": 0.5117172508524703,
  "p_value_jump_significance": 0.9163097441599124,
  "n_obs": 112
}