{
  "ticker": "0x02bc0bbff054877a08cdc4f9ccf4e7606804bc05c27f5faccf26c6e1666a5558",
  "platform": "polymarket",
  "kappa": 0.01,
  "theta": 9.688678404578145,
  "xi": 0.4382275146101954,
  "rho": -0.5,
  "v0": 1e-06,
  "lambda_j": 11.198664696746798,
  "mu_j": 0.0,
  "sigma_j": 2.1134298183708586,
  "feller_satisfied": true,
  "converged": true,
  "mse": 744.4955563074273,
  "log_likelihood": -1138.8091866505436,
  "log_likelihood_heston": -1164.9541552687624,
  "lr_statistic": 52.28993723643771,
  "p_value_jump_significance": 2.5978430785914167e-11,
  "n_obs": 241
}