{
  "ticker": "0x037c9d29c04a2f6a5373ae7db7779cb40a751ca372de1e55999397a8f571c67e",
  "platform": "polymarket",
  "kappa": 0.01,
  "theta": 9.996254326213426,
  "xi": 0.01,
  "rho": -0.3,
  "v0": 1e-06,
  "lambda_j": 99.97990025978685,
  "mu_j": 0.0,
  "sigma_j": 1.7968032101408158,
  "feller_satisfied": true,
  "converged": true,
  "mse": 1773.706382793916,
  "log_likelihood": -1331.1205969772877,
  "log_likelihood_heston": -1688.8341336225726,
  "lr_statistic": 715.4270732905698,
  "p_value_jump_significance": 9.480111697411808e-155,
  "n_obs": 258
}