{
  "ticker": "0x08f5fe8d0d29c08a96f0bc3dfb52f50e0caf470d94d133d95d38fa6c847e0925",
  "platform": "polymarket",
  "kappa": 0.01,
  "theta": 6.656717133916398,
  "xi": 0.01,
  "rho": 0.0,
  "v0": 1.0782421013043288,
  "lambda_j": 67.39687854272353,
  "mu_j": 1.9480473150759285,
  "sigma_j": 1.1572444869003806,
  "feller_satisfied": true,
  "converged": true,
  "mse": 1193.7054946564358,
  "log_likelihood": -1294.9116551587663,
  "log_likelihood_heston": -1783.233897039388,
  "lr_statistic": 976.6444837612435,
  "p_value_jump_significance": 2.0969944067525443e-211,
  "n_obs": 261
}