{
  "ticker": "0x0c12d7b5322f432a0c4ac8806b476c7483c4d44061ca1188b6f749ec9db34996",
  "platform": "polymarket",
  "kappa": 0.01,
  "theta": 9.756611527679155,
  "xi": 0.44009406024507375,
  "rho": -0.3,
  "v0": 1e-06,
  "lambda_j": 99.73824398509394,
  "mu_j": -1.305735186136147,
  "sigma_j": 1.200716108632309,
  "feller_satisfied": true,
  "converged": true,
  "mse": 1662.3451060647076,
  "log_likelihood": -1322.7620155656923,
  "log_likelihood_heston": -1677.4196801443604,
  "lr_statistic": 709.3153291573362,
  "p_value_jump_significance": 2.0049522149576773e-153,
  "n_obs": 258
}