{
  "ticker": "0x1092f6af37037a3539947b2052eeffff3608e2b68926340cab146369d3d2aac9",
  "platform": "polymarket",
  "kappa": 0.01,
  "theta": 2.6084337748143294,
  "xi": 0.16865322983815514,
  "rho": 0.5,
  "v0": 1e-06,
  "lambda_j": 12.154230912973125,
  "mu_j": -1.496604383633119,
  "sigma_j": 1.0830453298364475,
  "feller_satisfied": true,
  "converged": true,
  "mse": 682.5707620217402,
  "log_likelihood": -1128.3375827017248,
  "log_likelihood_heston": -1146.003796319114,
  "lr_statistic": 35.33242723477815,
  "p_value_jump_significance": 1.0363239397036944e-07,
  "n_obs": 241
}