{
  "ticker": "0x136e99098f7d4087b4c5775d9f9a512de67e50bda37e88fa86b05a226c390182",
  "platform": "polymarket",
  "kappa": 0.01,
  "theta": 9.92343123793998,
  "xi": 0.442866148472645,
  "rho": -0.3,
  "v0": 1e-06,
  "lambda_j": 99.90407358673085,
  "mu_j": -1.9539101677072557,
  "sigma_j": 1.1723562138296095,
  "feller_satisfied": true,
  "converged": true,
  "mse": 1385.9225500955883,
  "log_likelihood": -785.6180265096807,
  "log_likelihood_heston": -1021.2845799318447,
  "lr_statistic": 471.3331068443281,
  "p_value_jump_significance": 7.777478457314635e-102,
  "n_obs": 156
}