{
  "ticker": "0x19120414e0b7b170bb81ab518317f6926c2bb633167e4b11981ef7c078cea739",
  "platform": "polymarket",
  "kappa": 3.5840617437754987,
  "theta": 0.8486415181581018,
  "xi": 0.05,
  "rho": -0.5,
  "v0": 0.38652770303947287,
  "lambda_j": 0.9999923505801708,
  "mu_j": 0.0,
  "sigma_j": 0.09984654109691889,
  "feller_satisfied": true,
  "converged": true,
  "mse": 0.0012617859865343463,
  "log_likelihood": 107.4458012771475,
  "log_likelihood_heston": 107.44580128370676,
  "lr_statistic": 0.0,
  "p_value_jump_significance": 1.0,
  "n_obs": 56
}