{
  "ticker": "0x1e14c1e407a8aa7a727fadf74049b255a93f1c22f137d6a244ea64604b5b36d5",
  "platform": "polymarket",
  "kappa": 0.01,
  "theta": 3.810154852889792,
  "xi": 0.01,
  "rho": 0.0,
  "v0": 1e-06,
  "lambda_j": 41.6744760531324,
  "mu_j": 2.755242984694685,
  "sigma_j": 1.9200583909107145,
  "feller_satisfied": true,
  "converged": true,
  "mse": 4670.835250813672,
  "log_likelihood": -654.7614119663717,
  "log_likelihood_heston": -705.8021831896993,
  "lr_statistic": 102.08154244665525,
  "p_value_jump_significance": 5.5447497126634005e-22,
  "n_obs": 116
}