{
  "ticker": "0x1e14c1e407a8aa7a727fadf74049b255a93f1c22f137d6a244ea64604b5b36d5",
  "platform": "polymarket",
  "kappa": 20.0,
  "theta": 0.7001238679882327,
  "xi": 0.12769949349332751,
  "rho": -0.5,
  "v0": 0.4415907923528956,
  "lambda_j": 0.9999997163487765,
  "mu_j": 0.0,
  "sigma_j": 0.09999498705878877,
  "feller_satisfied": true,
  "converged": true,
  "mse": 0.02971458475767403,
  "log_likelihood": 21.70368697655183,
  "log_likelihood_heston": 21.703686976551868,
  "lr_statistic": 0.0,
  "p_value_jump_significance": 1.0,
  "n_obs": 64
}