{
  "ticker": "0x26ee82bee2493a302d21283cb578f7e2fff2dd15743854f53034d12420863b55",
  "platform": "polymarket",
  "kappa": 0.01,
  "theta": 2.0461095198299883,
  "xi": 0.20228873529829877,
  "rho": -0.3,
  "v0": 1e-06,
  "lambda_j": 1.4903648087268135,
  "mu_j": 0.0,
  "sigma_j": 2.4589032171468403,
  "feller_satisfied": true,
  "converged": true,
  "mse": 442.0082083922893,
  "log_likelihood": -2919.860936338301,
  "log_likelihood_heston": -2937.954081736751,
  "lr_statistic": 36.18629079689981,
  "p_value_jump_significance": 6.839092412571058e-08,
  "n_obs": 654
}