{
  "ticker": "0x265366ede72d73e137b2b9095a6cdc9be6149290caa295738a95e3d881ad0865",
  "platform": "polymarket",
  "kappa": 50.0,
  "theta": 10.0,
  "xi": 0.5,
  "rho": -0.3,
  "v0": 5.0,
  "lambda_j": 99.99999897551065,
  "mu_j": -2.487946688103738,
  "sigma_j": 1.4928026447962535,
  "feller_satisfied": true,
  "converged": true,
  "mse": 398.89650632711624,
  "log_likelihood": -1323.986860374543,
  "log_likelihood_heston": -1427.2534858139031,
  "lr_statistic": 206.53325087872008,
  "p_value_jump_significance": 1.6345461173116437e-44,
  "n_obs": 300
}