{
  "ticker": "0x26ee82bee2493a302d21283cb578f7e2fff2dd15743854f53034d12420863b55",
  "platform": "polymarket",
  "kappa": 0.01,
  "theta": 1.9999957257719179,
  "xi": 0.05,
  "rho": -0.5,
  "v0": 0.02387981010861425,
  "lambda_j": 1.02113025562156,
  "mu_j": -6.962821192270551e-07,
  "sigma_j": 0.3486981454156076,
  "feller_satisfied": true,
  "converged": true,
  "mse": 0.004000133160749283,
  "log_likelihood": 454.86182022843684,
  "log_likelihood_heston": 454.4411555918876,
  "lr_statistic": 0.8413292730984949,
  "p_value_jump_significance": 0.8395581880596138,
  "n_obs": 339
}