{
  "ticker": "0x265366ede72d73e137b2b9095a6cdc9be6149290caa295738a95e3d881ad0865",
  "platform": "polymarket",
  "kappa": 0.01,
  "theta": 0.7715501750775886,
  "xi": 3.9305045706649806,
  "rho": -0.5,
  "v0": 1e-06,
  "lambda_j": 47.35188509278856,
  "mu_j": -3.2447479478445466e-09,
  "sigma_j": 0.7960319993077649,
  "feller_satisfied": false,
  "converged": true,
  "mse": 58.536611871250344,
  "log_likelihood": -359.19385760573346,
  "log_likelihood_heston": -370.09866153138967,
  "lr_statistic": 21.80960785131242,
  "p_value_jump_significance": 7.145999842106346e-05,
  "n_obs": 104
}