{
  "ticker": "0x2d606a51f902a4d934a4b810dd77cb28bb8e40268f42354057b5a47f9799efad",
  "platform": "polymarket",
  "kappa": 0.01,
  "theta": 3.9049653714412953,
  "xi": 0.01,
  "rho": 0.0,
  "v0": 1e-06,
  "lambda_j": 36.04164489077223,
  "mu_j": 2.252762544682477,
  "sigma_j": 1.2607627424056198,
  "feller_satisfied": true,
  "converged": true,
  "mse": 1752.7028400737713,
  "log_likelihood": -1025.52681735674,
  "log_likelihood_heston": -1172.3389487852198,
  "lr_statistic": 293.62426285695983,
  "p_value_jump_significance": 2.385662890192763e-63,
  "n_obs": 199
}