{
  "ticker": "0x3ac961dca3c4f0fc34bf94c661962012ab5e8bcdcadfc99affa06eddde00b29f",
  "platform": "polymarket",
  "kappa": 1.1043205193292243,
  "theta": 1.0375612907624523,
  "xi": 0.5,
  "rho": -0.3,
  "v0": 2.045048075770204,
  "lambda_j": 2.9290599222592664,
  "mu_j": -2.130333963376924,
  "sigma_j": 1.2781923102802364,
  "feller_satisfied": true,
  "converged": true,
  "mse": 7.939402016263807,
  "log_likelihood": -746.2766839549055,
  "log_likelihood_heston": -760.7320860532993,
  "lr_statistic": 28.910804196787694,
  "p_value_jump_significance": 2.3381858166767888e-06,
  "n_obs": 304
}