{
  "ticker": "0x4057c2528a3815d460f0c5889f52a914745b23400c4548804afee8f9c4a56ec3",
  "platform": "polymarket",
  "kappa": 13.85168874844341,
  "theta": 0.33974871913747573,
  "xi": 0.05,
  "rho": -0.5,
  "v0": 0.13597685567629153,
  "lambda_j": 0.9999994782971414,
  "mu_j": 0.0,
  "sigma_j": 0.09998957296744845,
  "feller_satisfied": true,
  "converged": true,
  "mse": 0.002246360769778921,
  "log_likelihood": 316.27497392273483,
  "log_likelihood_heston": 316.27497392255685,
  "lr_statistic": 3.559534889063798e-10,
  "p_value_jump_significance": 0.9999999999999982,
  "n_obs": 194
}