{
  "ticker": "0x534da3946b8da84a8687e346e735fcc1d7c7078c057b1a7769cb9991b3e67968",
  "platform": "polymarket",
  "kappa": 0.01,
  "theta": 3.433359455538754,
  "xi": 0.01,
  "rho": 0.0,
  "v0": 1e-06,
  "lambda_j": 28.339337511660695,
  "mu_j": 3.149221727038698,
  "sigma_j": 0.001,
  "feller_satisfied": true,
  "converged": true,
  "mse": 3297.9290754483563,
  "log_likelihood": -1411.2018220654584,
  "log_likelihood_heston": -1626.0581524544305,
  "lr_statistic": 429.71266077794417,
  "p_value_jump_significance": 8.102473223201844e-93,
  "n_obs": 258
}