{
  "ticker": "0x547171b466f04230c9a6bfd13a71fb24de3442e10ce5cea95232d970f36fd5bf",
  "platform": "polymarket",
  "kappa": 0.01,
  "theta": 3.067579949860391,
  "xi": 0.01,
  "rho": -0.3,
  "v0": 1e-06,
  "lambda_j": 30.148341469619627,
  "mu_j": 0.0,
  "sigma_j": 2.999421450496985,
  "feller_satisfied": true,
  "converged": true,
  "mse": 2518.45477286038,
  "log_likelihood": -1419.0302223825363,
  "log_likelihood_heston": -1682.871609156187,
  "lr_statistic": 527.6827735473016,
  "p_value_jump_significance": 4.7762696935427555e-114,
  "n_obs": 266
}