{
  "ticker": "0x5df9458d9918da733d784bc2a07768b293d10826385a3eb31dd716f99475dc79",
  "platform": "polymarket",
  "kappa": 0.01,
  "theta": 10.0,
  "xi": 0.39910086974379255,
  "rho": -0.3,
  "v0": 5.0,
  "lambda_j": 100.0,
  "mu_j": 5.0,
  "sigma_j": 3.0,
  "feller_satisfied": true,
  "converged": true,
  "mse": 50497.857005439204,
  "log_likelihood": -624.4870220056113,
  "log_likelihood_heston": -242.39754559304657,
  "lr_statistic": 0.0,
  "p_value_jump_significance": 1.0,
  "n_obs": 16
}