{
  "ticker": "0x642926331d650ed2e4e1da2593f388cd803b4f283e09218fc1c5de90087b585c",
  "platform": "polymarket",
  "kappa": 5.819865894406609,
  "theta": 0.5394984923031277,
  "xi": 0.05,
  "rho": -0.5,
  "v0": 0.1748504749949355,
  "lambda_j": 0.9999970006091069,
  "mu_j": 1.5953796513277411e-09,
  "sigma_j": 0.09994108214191788,
  "feller_satisfied": true,
  "converged": true,
  "mse": 0.004451038342767534,
  "log_likelihood": 240.92526556293637,
  "log_likelihood_heston": 240.92526556360622,
  "lr_statistic": 0.0,
  "p_value_jump_significance": 1.0,
  "n_obs": 187
}