{
  "ticker": "0x653483009043f1663360bc35ed8fb542d3f9453916082d20ff025adaa2fe7032",
  "platform": "polymarket",
  "kappa": 0.01,
  "theta": 9.99938988554577,
  "xi": 0.01,
  "rho": -0.5,
  "v0": 1e-06,
  "lambda_j": 1.5134423205713623,
  "mu_j": 0.0,
  "sigma_j": 2.9999998626212787,
  "feller_satisfied": true,
  "converged": true,
  "mse": 67.0754199804981,
  "log_likelihood": -669.1538704723062,
  "log_likelihood_heston": -672.0172658945169,
  "lr_statistic": 5.72679084442143,
  "p_value_jump_significance": 0.12568600269157548,
  "n_obs": 190
}