{
  "ticker": "0x67a072e839762191a7931e405923110d52343ef6dc1d61cfc0720233951c03e4",
  "platform": "polymarket",
  "kappa": 0.01,
  "theta": 1.3554148269730497,
  "xi": 0.1314974233651432,
  "rho": -0.3,
  "v0": 1e-06,
  "lambda_j": 2.945112120902762,
  "mu_j": -4.960145076189869,
  "sigma_j": 2.9760840467988894,
  "feller_satisfied": true,
  "converged": true,
  "mse": 36.17564041056179,
  "log_likelihood": -131.74001290871234,
  "log_likelihood_heston": -134.80754630367608,
  "lr_statistic": 6.135066789927464,
  "p_value_jump_significance": 0.10522068385963429,
  "n_obs": 41
}