{
  "ticker": "0x696baf880832d000a37ea87cc94235b1ac58e7e9fe7a144ccf5d141877629134",
  "platform": "polymarket",
  "kappa": 0.01,
  "theta": 10.0,
  "xi": 0.01,
  "rho": -0.3,
  "v0": 1e-06,
  "lambda_j": 99.97676251334056,
  "mu_j": 0.0,
  "sigma_j": 1.8289458077227783,
  "feller_satisfied": true,
  "converged": true,
  "mse": 1531.390954238051,
  "log_likelihood": -1332.5083475143463,
  "log_likelihood_heston": -1745.9719294553047,
  "lr_statistic": 826.9271638819168,
  "p_value_jump_significance": 6.255266643894213e-179,
  "n_obs": 262
}