{
  "ticker": "0x73ac4c1e5be0a89685328c9f5b833d828ffd62dfa07ceaf8536edbc43aa5f51e",
  "platform": "polymarket",
  "kappa": 0.01,
  "theta": 6.41624880003131,
  "xi": 0.3554230314392686,
  "rho": 0.0,
  "v0": 0.8865494866512756,
  "lambda_j": 64.02759558747634,
  "mu_j": 2.0046095285552443,
  "sigma_j": 1.179854790731672,
  "feller_satisfied": true,
  "converged": true,
  "mse": 1190.03821158922,
  "log_likelihood": -1294.5101180165027,
  "log_likelihood_heston": -1782.8190754892319,
  "lr_statistic": 976.6179149454583,
  "p_value_jump_significance": 2.1250087458049235e-211,
  "n_obs": 261
}