{
  "ticker": "0x78e20dcb15d578061a6df0c5014d66cc21244bad6848336f3513493c65cf09c1",
  "platform": "polymarket",
  "kappa": 0.01,
  "theta": 10.0,
  "xi": 0.01,
  "rho": -0.5,
  "v0": 1e-06,
  "lambda_j": 99.55985289799823,
  "mu_j": 0.0,
  "sigma_j": 1.430297471278789,
  "feller_satisfied": true,
  "converged": false,
  "mse": 2214.2463157266266,
  "log_likelihood": -996.093317731187,
  "log_likelihood_heston": -1079.0182091015365,
  "lr_statistic": 165.84978274069908,
  "p_value_jump_significance": 1.0013135656555547e-35,
  "n_obs": 189
}