{
  "ticker": "0x7da35195ac3c7bf167f88ab0c27067a99020e36de67d39968b71d9debcdd925e",
  "platform": "polymarket",
  "kappa": 0.01,
  "theta": 8.91419726606667,
  "xi": 0.27730741341462833,
  "rho": -0.3,
  "v0": 1e-06,
  "lambda_j": 29.76012609126247,
  "mu_j": 0.0,
  "sigma_j": 2.850126439319166,
  "feller_satisfied": true,
  "converged": true,
  "mse": 3113.5010052128537,
  "log_likelihood": -1474.4776281875725,
  "log_likelihood_heston": -1681.302652792545,
  "lr_statistic": 413.6500492099449,
  "p_value_jump_significance": 2.44532069437349e-89,
  "n_obs": 271
}