{
  "ticker": "0x95153ddd005326dc5dcadbeccc51ffad40e0fa9dac5bd18b242b42eed61d3a6c",
  "platform": "polymarket",
  "kappa": 0.01,
  "theta": 9.990941472098008,
  "xi": 0.01,
  "rho": -0.5,
  "v0": 2.569543020176665,
  "lambda_j": 20.30052952570091,
  "mu_j": 0.0,
  "sigma_j": 1.9175854427605132,
  "feller_satisfied": true,
  "converged": true,
  "mse": 15.26113731614881,
  "log_likelihood": -147.42444539621195,
  "log_likelihood_heston": -152.6978879101859,
  "lr_statistic": 10.546885027947894,
  "p_value_jump_significance": 0.014446198683031621,
  "n_obs": 53
}