{
  "ticker": "0x95153ddd005326dc5dcadbeccc51ffad40e0fa9dac5bd18b242b42eed61d3a6c",
  "platform": "polymarket",
  "kappa": 0.01,
  "theta": 1.9999980222496385,
  "xi": 2.1487167422646722,
  "rho": -0.5,
  "v0": 1e-06,
  "lambda_j": 49.87040346169596,
  "mu_j": 0.0,
  "sigma_j": 1.1196250135717916,
  "feller_satisfied": false,
  "converged": true,
  "mse": 8.531187240233033,
  "log_likelihood": -129.5224306474189,
  "log_likelihood_heston": -154.55245117684478,
  "lr_statistic": 50.060041058851766,
  "p_value_jump_significance": 7.757381889927467e-11,
  "n_obs": 52
}