{
  "ticker": "0x972520d8ed44dcd71fff95b44e2593750d0e44323a5ccd2ce4bbbc540427bce9",
  "platform": "polymarket",
  "kappa": 0.01,
  "theta": 6.162690293761363,
  "xi": 0.01,
  "rho": 0.0,
  "v0": 1e-06,
  "lambda_j": 56.93475893069389,
  "mu_j": 2.412348055857016,
  "sigma_j": 0.9979654458782374,
  "feller_satisfied": true,
  "converged": true,
  "mse": 2997.5686953826507,
  "log_likelihood": -1127.7296137869735,
  "log_likelihood_heston": -1342.3112003985582,
  "lr_statistic": 429.16317322316945,
  "p_value_jump_significance": 1.0657632607711535e-92,
  "n_obs": 208
}