{
  "ticker": "0x9e9071636d176562592a98dfede865385ba0cff7864cfa01f0479ca6e9e26e1b",
  "platform": "polymarket",
  "kappa": 7.519794508270825,
  "theta": 10.0,
  "xi": 0.01,
  "rho": -0.5,
  "v0": 5.0,
  "lambda_j": 85.78634668979764,
  "mu_j": 0.0,
  "sigma_j": 2.1906680341802507,
  "feller_satisfied": true,
  "converged": true,
  "mse": 956.629122140707,
  "log_likelihood": -999.2331799256073,
  "log_likelihood_heston": -1176.4054364136427,
  "lr_statistic": 354.344512976071,
  "p_value_jump_significance": 1.7097793190895586e-76,
  "n_obs": 206
}