{
  "ticker": "0xa0811c97f529d627b7774a5b188e605736b745a1f892c39e16c5a022fdb84b8b",
  "platform": "polymarket",
  "kappa": 13.284000352546727,
  "theta": 0.22213226984158196,
  "xi": 1.0,
  "rho": 0.0,
  "v0": 1e-06,
  "lambda_j": 4.556099241200736,
  "mu_j": 2.97847072619747,
  "sigma_j": 1.44885377512856,
  "feller_satisfied": true,
  "converged": true,
  "mse": 8.634398879957882,
  "log_likelihood": -481.885411940897,
  "log_likelihood_heston": -481.885411940845,
  "lr_statistic": 0.0,
  "p_value_jump_significance": 1.0,
  "n_obs": 193
}