{
  "ticker": "0xa923afcb8297e3ade170f2f8c088f3c277557fadef2c67054d72cc59f8504b2b",
  "platform": "polymarket",
  "kappa": 0.01,
  "theta": 0.6665110052896691,
  "xi": 0.01,
  "rho": 0.0,
  "v0": 1e-06,
  "lambda_j": 13.53804144272022,
  "mu_j": 1.3754951498019194,
  "sigma_j": 0.7247024825319188,
  "feller_satisfied": true,
  "converged": true,
  "mse": 368.21910839837966,
  "log_likelihood": -1053.9619881707983,
  "log_likelihood_heston": -1069.1231969121693,
  "lr_statistic": 30.322417482741912,
  "p_value_jump_significance": 1.1804994459720431e-06,
  "n_obs": 241
}