{
  "ticker": "0xab0132a0b89e43d95c2643ac835877c757849e9a64ebac3c9f0c4696db41a288",
  "platform": "polymarket",
  "kappa": 0.01,
  "theta": 8.212973349763955,
  "xi": 0.01,
  "rho": -0.3,
  "v0": 1e-06,
  "lambda_j": 83.82517538696399,
  "mu_j": 0.0,
  "sigma_j": 2.976124089941653,
  "feller_satisfied": true,
  "converged": true,
  "mse": 1234.2056895809362,
  "log_likelihood": -696.9242071845392,
  "log_likelihood_heston": -975.4379868256117,
  "lr_statistic": 557.0275592821449,
  "p_value_jump_significance": 2.0828516863201632e-120,
  "n_obs": 140
}