{
  "ticker": "0xac95a5009e493902628eaaa2138780fca5b5476825924ae7de023e8c65917662",
  "platform": "polymarket",
  "kappa": 0.01,
  "theta": 1.700891996827865,
  "xi": 2.209695166966437,
  "rho": -0.5,
  "v0": 1e-06,
  "lambda_j": 49.99580512561413,
  "mu_j": 0.0,
  "sigma_j": 1.195439412405146,
  "feller_satisfied": false,
  "converged": true,
  "mse": 15.16020839871891,
  "log_likelihood": -119.46726683811357,
  "log_likelihood_heston": -132.13414045766962,
  "lr_statistic": 25.333747239112085,
  "p_value_jump_significance": 1.3148110035729142e-05,
  "n_obs": 43
}