{
  "ticker": "0xac7162f96876ea602d984de6f9800b8a4b8a45897e798a7630d9e004ae5b9a0b",
  "platform": "polymarket",
  "kappa": 0.01,
  "theta": 6.449677367738298,
  "xi": 0.07849220860206527,
  "rho": -0.3,
  "v0": 1e-06,
  "lambda_j": 63.29889283839846,
  "mu_j": 0.0,
  "sigma_j": 1.5747190603392138,
  "feller_satisfied": true,
  "converged": false,
  "mse": 1697.7652498951093,
  "log_likelihood": -1089.2214858604798,
  "log_likelihood_heston": -1177.3252285651195,
  "lr_statistic": 176.20748540927934,
  "p_value_jump_significance": 5.813356782479092e-38,
  "n_obs": 212
}