{
  "ticker": "0xafde9e890a2db339b6515cd75c2d09574dcaf731b483a1ef6ea0a3abc5ec8abd",
  "platform": "polymarket",
  "kappa": 0.01,
  "theta": 2.962328120660566,
  "xi": 0.01,
  "rho": -0.3,
  "v0": 1e-06,
  "lambda_j": 12.621019422234925,
  "mu_j": 0.0,
  "sigma_j": 2.998030812909812,
  "feller_satisfied": true,
  "converged": true,
  "mse": 1602.1771888004007,
  "log_likelihood": -878.6685428438187,
  "log_likelihood_heston": -906.1094256470278,
  "lr_statistic": 54.881765606418185,
  "p_value_jump_significance": 7.27675324655976e-12,
  "n_obs": 172
}