{
  "ticker": "0xb26fd99a7b7bae4e13c9bb3becf65353708a805f9c1aea74484d107e6ba512cd",
  "platform": "polymarket",
  "kappa": 0.01,
  "theta": 9.999999976537342,
  "xi": 0.44568811489961063,
  "rho": -0.3,
  "v0": 1e-06,
  "lambda_j": 99.95602338110847,
  "mu_j": 0.0,
  "sigma_j": 1.528009474088533,
  "feller_satisfied": true,
  "converged": true,
  "mse": 6446.678760422533,
  "log_likelihood": -1497.8526926900167,
  "log_likelihood_heston": -1603.4697141353727,
  "lr_statistic": 211.23404289071186,
  "p_value_jump_significance": 1.575701654996891e-45,
  "n_obs": 258
}