{
  "ticker": "0xb3b8ce34ae09a3d89aa860f033a2309b28f4712b1879bc5c6f787df3788e5d1d",
  "platform": "polymarket",
  "kappa": 0.01,
  "theta": 2.7804732177319034,
  "xi": 0.22173532711512986,
  "rho": -0.3,
  "v0": 2.5633219632199356,
  "lambda_j": 4.865717751801765,
  "mu_j": 3.188435473566884,
  "sigma_j": 1.9130599771828056,
  "feller_satisfied": true,
  "converged": true,
  "mse": 26.292301295228746,
  "log_likelihood": -125.19664134462491,
  "log_likelihood_heston": -126.50203335747537,
  "lr_statistic": 2.610784025700923,
  "p_value_jump_significance": 0.45560210374204846,
  "n_obs": 41
}