{
  "ticker": "0xbb01eefb24a38a9aa1921ec168d3049e7374b28a2540937d06b3ff2524d66627",
  "platform": "polymarket",
  "kappa": 0.01,
  "theta": 1.7921170423208748,
  "xi": 0.550216297967381,
  "rho": -0.5,
  "v0": 1e-06,
  "lambda_j": 8.381505637004341,
  "mu_j": 0.0,
  "sigma_j": 1.5888907679940845,
  "feller_satisfied": false,
  "converged": true,
  "mse": 0.8075269345658876,
  "log_likelihood": -63.003556286984065,
  "log_likelihood_heston": -73.44974118424055,
  "lr_statistic": 20.892369794512973,
  "p_value_jump_significance": 0.00011083570724422478,
  "n_obs": 48
}