{
  "ticker": "0xbb01eefb24a38a9aa1921ec168d3049e7374b28a2540937d06b3ff2524d66627",
  "platform": "polymarket",
  "kappa": 0.01,
  "theta": 3.5535689739823533,
  "xi": 0.2665888629662961,
  "rho": -0.3,
  "v0": 1e-06,
  "lambda_j": 6.18505859202833,
  "mu_j": 0.0,
  "sigma_j": 2.581705533202576,
  "feller_satisfied": true,
  "converged": true,
  "mse": 342.2434001709103,
  "log_likelihood": -1036.4783752395438,
  "log_likelihood_heston": -1065.628740882287,
  "lr_statistic": 58.30073128548656,
  "p_value_jump_significance": 1.3558152007719415e-12,
  "n_obs": 239
}