{
  "ticker": "0xc6485bb7ea46d7bb89beb9c91e7572ecfc72a6273789496f78bc5e989e4d1638",
  "platform": "polymarket",
  "kappa": 42.395541209970986,
  "theta": 9.294805921768235,
  "xi": 0.3,
  "rho": 0.5,
  "v0": 5.0,
  "lambda_j": 76.25163670041097,
  "mu_j": -3.0915346881662664,
  "sigma_j": 2.38165939040644,
  "feller_satisfied": true,
  "converged": true,
  "mse": 1230.122747037877,
  "log_likelihood": -1502.8646919541998,
  "log_likelihood_heston": -1586.3581668623385,
  "lr_statistic": 166.9869498162775,
  "p_value_jump_significance": 5.689887772524224e-36,
  "n_obs": 302
}