{
  "ticker": "0xcd1b6b71a1964f15e2c14809594cbfa0d576270e8ef94c8c24913121097e09e5",
  "platform": "polymarket",
  "kappa": 0.01,
  "theta": 2.695382577708812,
  "xi": 0.1835018990518357,
  "rho": 0.5,
  "v0": 1e-06,
  "lambda_j": 13.27232411547882,
  "mu_j": -1.5960641467029757,
  "sigma_j": 1.1558887718557656,
  "feller_satisfied": true,
  "converged": true,
  "mse": 711.0165323448082,
  "log_likelihood": -1401.2953689223086,
  "log_likelihood_heston": -1457.2811837981646,
  "lr_statistic": 111.97162975171204,
  "p_value_jump_significance": 4.130394536794991e-24,
  "n_obs": 298
}