{
  "ticker": "0xced9f9d90c94db9f1e1dbd7d9fba82fe4fa7431c0d4e91e28896c8ac2d6acadd",
  "platform": "polymarket",
  "kappa": 0.01,
  "theta": 9.479580130467872,
  "xi": 0.4335749358848475,
  "rho": -0.3,
  "v0": 1e-06,
  "lambda_j": 99.90349292661617,
  "mu_j": 0.0,
  "sigma_j": 1.722235378634401,
  "feller_satisfied": true,
  "converged": true,
  "mse": 1572.4634002196515,
  "log_likelihood": -1381.8988987750706,
  "log_likelihood_heston": -1754.902597394923,
  "lr_statistic": 746.0073972397049,
  "p_value_jump_significance": 2.2153613810969565e-161,
  "n_obs": 271
}