{
  "ticker": "0xd6f4c41fd20b8c6d5b48d528ead981d8fdf3da99d05018443e2d5bc60085e3dd",
  "platform": "polymarket",
  "kappa": 0.01,
  "theta": 2.0096190831190954,
  "xi": 0.01,
  "rho": -0.3,
  "v0": 1e-06,
  "lambda_j": 7.752175775172466,
  "mu_j": -5.0,
  "sigma_j": 3.0,
  "feller_satisfied": true,
  "converged": true,
  "mse": 1086.9861860717078,
  "log_likelihood": -943.5898252311844,
  "log_likelihood_heston": -1142.7927201847167,
  "lr_statistic": 398.4057899070647,
  "p_value_jump_significance": 4.903100900620911e-86,
  "n_obs": 192
}