{
  "ticker": "0xdd22472e552920b8438158ea7238bfadfa4f736aa4cee91a6b86c39ead110917",
  "platform": "polymarket",
  "kappa": 0.01,
  "theta": 9.911983347862773,
  "xi": 0.01,
  "rho": -0.5,
  "v0": 1e-06,
  "lambda_j": 3.894825866827243,
  "mu_j": 0.0,
  "sigma_j": 2.476462180445551,
  "feller_satisfied": true,
  "converged": true,
  "mse": 625.1392548040005,
  "log_likelihood": -1414.56940999441,
  "log_likelihood_heston": -1424.7560987938864,
  "lr_statistic": 20.37337759895263,
  "p_value_jump_significance": 0.000142030070827287,
  "n_obs": 305
}