{
  "ticker": "0xe1dc4ae259d47a61f59c76462e1f087e94cd027a3c79827f476469f1cf1c1982",
  "platform": "polymarket",
  "kappa": 0.01,
  "theta": 9.868631959039464,
  "xi": 0.01,
  "rho": -0.5,
  "v0": 1e-06,
  "lambda_j": 99.91893697470562,
  "mu_j": 0.0,
  "sigma_j": 2.0155125957039703,
  "feller_satisfied": true,
  "converged": true,
  "mse": 2301.4648929567475,
  "log_likelihood": -1105.5321612855823,
  "log_likelihood_heston": -1367.1415880048753,
  "lr_statistic": 523.2188534385859,
  "p_value_jump_significance": 4.4317881596059263e-113,
  "n_obs": 209
}