{
  "ticker": "0xe721d257bb72949a6c61a77847b7880519a6164a8211e815da15eccd750c4626",
  "platform": "polymarket",
  "kappa": 0.01,
  "theta": 9.896561579927772,
  "xi": 0.4288050494684226,
  "rho": -0.3,
  "v0": 5.0,
  "lambda_j": 99.86300648441424,
  "mu_j": -1.6384906527391783,
  "sigma_j": 1.5461173197095313,
  "feller_satisfied": true,
  "converged": true,
  "mse": 1034.8836654858048,
  "log_likelihood": -865.5232410159626,
  "log_likelihood_heston": -1236.3344458654178,
  "lr_statistic": 741.6224096989104,
  "p_value_jump_significance": 1.9785900028161445e-160,
  "n_obs": 177
}