{
  "ticker": "0xf3a7a2365b6ec113117184bb2d1b020577355a1028fde0b32671c4cfbbbbd589",
  "platform": "polymarket",
  "kappa": 0.01,
  "theta": 9.994831745827655,
  "xi": 0.01,
  "rho": -0.5,
  "v0": 1e-06,
  "lambda_j": 99.60791587342473,
  "mu_j": 0.0,
  "sigma_j": 1.7192677701285235,
  "feller_satisfied": true,
  "converged": true,
  "mse": 1869.7424840816245,
  "log_likelihood": -1389.7720614200214,
  "log_likelihood_heston": -1754.071188688371,
  "lr_statistic": 728.5982545366992,
  "p_value_jump_significance": 1.3203170636990385e-157,
  "n_obs": 268
}