{
  "ticker": "0xf6106065ec5d5dae7eca350be64e5246ae331b35937ea55b64152f65fbc0b37f",
  "platform": "polymarket",
  "kappa": 0.01,
  "theta": 9.914478961969653,
  "xi": 0.01,
  "rho": -0.3,
  "v0": 4.83679370650643,
  "lambda_j": 99.86043262115084,
  "mu_j": -1.5466920312845982,
  "sigma_j": 0.9890671044140397,
  "feller_satisfied": true,
  "converged": true,
  "mse": 1332.252981318813,
  "log_likelihood": -1309.2417492135337,
  "log_likelihood_heston": -1788.2996702395108,
  "lr_statistic": 958.1158420519541,
  "p_value_jump_significance": 2.1922497570564257e-207,
  "n_obs": 261
}